
{
    "torch": {
        "main": "pip install torch==2.6.0 --index-url https://download.pytorch.org/whl/cu124",
        "fallbacks": [
            "pip install torch==2.6.0+cu124 -f https://download.pytorch.org/whl/torch_stable.html",
            "pip3 install torch==2.6.0"
        ],
        "errors": {
            "No matching distribution found": "pip install --upgrade pip setuptools"
        }
    },
    "torchvision": {
        "main": "pip install torchvision==0.17.0",
        "fallbacks": [],
        "errors": {}
    },
    "torchaudio": {
        "main": "pip install torchaudio==2.1.0",
        "fallbacks": [],
        "errors": {}
    },
    "transformers": {
        "main": "pip install transformers==4.39.1",
        "fallbacks": [],
        "errors": {}
    },
    "diffusers": {
        "main": "pip install diffusers==0.26.3",
        "fallbacks": [],
        "errors": {}
    },
    "safetensors": {
        "main": "pip install safetensors==0.4.2",
        "fallbacks": [],
        "errors": {}
    },
    "gradio": {
        "main": "pip install gradio==3.50.2",
        "fallbacks": [],
        "errors": {}
    },
    "xformers": {
        "main": "pip install xformers",
        "fallbacks": [],
        "errors": {}
    },
    "gtts": {
        "main": "pip install gTTS==2.5.1 pydub==0.25.1",
        "fallbacks": [
            "pip3 install gTTS"
        ],
        "errors": {
            "ModuleNotFoundError": "pip install pydub"
        }
    },
    "opencv-python": {
        "main": "pip install opencv-python==4.9.0.80",
        "fallbacks": [],
        "errors": {}
    },
    "ffmpeg": {
        "main": "apt install -y ffmpeg",
        "fallbacks": [
            "add-apt-repository ppa:jonathonf/ffmpeg-4 -y && apt update && apt install -y ffmpeg",
            "apt install -y libav-tools"
        ],
        "errors": {
            "Unable to locate package": "apt update && apt install -y software-properties-common"
        }
    },
    "whisper": {
        "main": "pip install openai-whisper==1.1.10",
        "fallbacks": [],
        "errors": {}
    },
    "llama.cpp": {
        "main": "make -j$(nproc)",
        "fallbacks": [
            "make LLAMA_CUBLAS=1 -j$(nproc)",
            "make LLAMA_OPENBLAS=1 -j$(nproc)"
        ],
        "errors": {
            "undefined reference": "apt install libopenblas-dev"
        }
    },
    "telegram_bot": {
        "main": "pip install python-telegram-bot==20.0",
        "fallbacks": [],
        "errors": {
            "ModuleNotFoundError": "pip install python-telegram-bot==20.0"
        }
    },
    "install_requirements": {
        "main": "source ~/eros_engine/venv/bin/activate && pip install -r requirements_updated.txt",
        "errors": {
            "ModuleNotFoundError": "Ensure you have activated the virtual environment"
        }
    },
    "test_ping": {
        "main": "python3 -c 'from telegram import Bot; bot = Bot(token="8093963383:AAEU_HsVmhRdSE0kK6wGtF7W5yOgHhxUnvI"); bot.get_me()'",
        "errors": {
            "ConnectionError": "Ensure the Telegram bot token is correct and the bot is accessible"
        }
    }
}
